Company Name,Website,City,Segment,What They Make,Revenue Band,Decision Maker,DM Title,DM Background,C1 Manufacturer Score,C1 Evidence,C2 India Score,C2 Evidence,C3 Differentiation Score,C3 Evidence,C4 Tech DM Score,C4 Evidence,C5 Tailwind Score,C5 Evidence,C6 Growth Score,C6 Evidence,Federer Score,Score Band,Verdict,Verdict Reasoning,Personalization Hook,Evidence Sources
WIZCAPS,wizcaps.com,Vashi,Fintech / Financial Services,Online invoice discounting / bill discounting marketplace connecting SMEs seeking working capital with investors,N/A,Rajeev Ramachandran,Founder & CEO,Founded Wizcaps in 2016/2017; entrepreneur in SME lending/invoice financing space,2,"Pure fintech marketplace/services platform, no manufacturing or hardware component",10,"Headquartered in Vashi, Navi Mumbai, India; CIN U74999MH2017PTC298260 registered with RoC Mumbai",4,Niche invoice-discounting marketplace model but highly commoditized vs. 50+ competitors (Tracxn lists 63 competitors); no patents or certifications found,7,"Founder & CEO Rajeev Ramachandran identifiable as primary decision maker (Tracxn, ZaubaCorp)",6,"Invoice discounting/alternative lending is a growing segment in Indian fintech, though crowded with 50+ competitors",2,Tracxn reports Wizcaps has raised no funding rounds and ranks 47th of 57 competitors; no recent growth news found,31,Medium,No,"Small, unfunded fintech marketplace ranked low among many competitors with no recent growth signals; low differentiation and low manufacturer/hardware fit.",Noticed Wizcaps has been bridging SME working-capital gaps via invoice discounting since 2017 — curious how you're scaling credit screening as deal volume grows.,Official website (wizcaps.com); LinkedIn company page; Tracxn; ZaubaCorp; Justdial
Avama Naturals,avamanaturals.com,Delhi,N/A,N/A,N/A,N/A,N/A,N/A,N/A,Unable to verify company - website unreachable and no independent sources found,N/A,Unable to verify,N/A,Unable to verify,N/A,Unable to verify,N/A,Unable to verify,N/A,Unable to verify,N/A,N/A,No,"Company website (avamanaturals.com) is unreachable and no independent, reliable source (LinkedIn, Crunchbase, Tracxn, news, registry) could confirm this company's identity or operations. Only a 2022 LinkedIn mention referencing 'Avama Naturals' as a partner of an unrelated blog project was found, insufficient for verification.",N/A,Manual web search attempted; no reliable sources found beyond an unrelated LinkedIn post reference
FinMates Business Solutions Private Limited,finmates.in,Malad,Financial Services / B2B Professional Services,"CFO advisory, accounting/F&A outsourcing, taxation, M&A and SME IPO listing advisory services",N/A,Pinkesh Jain,Founder & Lead CFO Service,"Chartered Accountant (CA) and Company Secretary (CS); 17 years corporate experience; ex-PwC, ex-Neo Sports Broadcast, ex-Toyota/Lakozy Toyota, ex-Vibgyor, ex-Ampersand Group",2,"Pure professional/financial services firm (CFO advisory, accounting outsourcing) — no manufacturing or product component",10,"Headquartered in Malad West, Mumbai, Maharashtra, India",5,"Differentiated by founder's 16+ years combined team expertise and tech/digital/Web3 client specialization, but the virtual-CFO category is increasingly common in India",4,"Founder Pinkesh Jain is a CA/finance background leader, not a tech-titled decision maker (no CTO/VP Eng identified)",6,Virtual CFO / outsourced finance services market is growing in India alongside SME and startup fundraising activity,5,"LinkedIn shows active recent posting (2025) and growing client base messaging, but no funding, headcount, or named growth metrics independently verified",32,Medium,Maybe,"Legitimate, verifiable professional services firm with a clearly identified founder, but pure-services model with no manufacturing/tech-product angle limits fit against a manufacturer-focused scoring rubric.",Saw FinMates has been helping IT/Web3 startups build out financial systems — would love to share how we support fast-scaling finance teams with the same kind of automation.,"Official website (finmates.in); LinkedIn (Pinkesh Jain profile, FinMates company page); Justdial; Tracxn"
Decoding Credit,decodingcredit.in,Bangalore,Financial Services (Loan/Credit Advisory),"Credit and loan advisory services including term loans, bridge loans, non-fund based limits, and credit rating advisory for businesses",N/A,N/A,N/A,N/A,2,"Pure financial advisory/brokerage service, no manufacturing component",8,"Operates as an Indian loan advisory business (decodingcredit.com); city given as Bangalore in source data, though exact registered HQ not independently confirmed",3,"Generic loan syndication/advisory offering with no unique IP or certification found; differs in name from very similar Athena Advisors 'Decoding Credit' research report series, indicating possible naming overlap/confusion",N/A,"No named decision maker could be verified via LinkedIn, Crunchbase, or Tracxn",6,"Business loan/credit advisory demand is growing alongside India's MSME credit gap, a sector with broad tailwinds",N/A,"No funding, hiring, or growth news found",N/A,N/A,No,No identifiable decision maker and minimal independent verification beyond the company's own website; generic loan brokerage with no differentiation.,N/A,Company website (decodingcredit.com); general web search (no LinkedIn/Crunchbase/Tracxn profile found)
Falcon Invoice Discounting,falconsgrup.com,Gowra Fountainhead,Fintech / Invoice Discounting (ALLEGED FRAUD / PONZI SCHEME),"Marketed as a P2P invoice discounting investment platform (invoices from blue-chip companies); per CID Telangana investigation, the 'deals' were largely fabricated",N/A,Amardeep Kumar,Founder & Managing Director (also named in active criminal investigation),"Founded Falcon Invoice Discounting in 2015 under registered entity Capital Protection Force Pvt. Ltd.; named by Telangana CID as a key absconding accused in a confirmed ₹4,215 crore investment fraud (CEO Yogendra Singh arrested May 2025; Amardeep Kumar reportedly fled to Dubai)",2,"Marketed as a fintech investment platform, not a manufacturer; underlying business legitimacy itself is in serious doubt",10,"Headquartered in Hyderabad, Telangana, India",1,No legitimate differentiation found; independent due-diligence blog (ALT Investor) found the company's incorporation documents (MoA) do not even list invoice discounting as a registered business activity,3,"Founder/MD identifiable, but is a named absconding accused in an active fraud investigation rather than a legitimate technology or business decision-maker",N/A,Not applicable — underlying business is confirmed fraudulent,0,"Company has stopped repaying investors since January 2025; Telangana CID has confirmed a ₹4,215 crore Ponzi-style fraud affecting over 7,000 investors, with multiple arrests in 2025",N/A,N/A,No,"Confirmed law-enforcement investigation (Telangana CID) into Falcon Invoice Discounting as a large-scale Ponzi/investment fraud, with the founder/MD an absconding accused. This is not a legitimate sales prospect under any circumstance — outreach should be avoided entirely.",N/A,"Tracxn; LinkedIn company page; ALT Investor blog (independent due-diligence article, Jan 2024); Republic World news report (May 2025, CID Telangana arrest); Trustindex customer reviews documenting repayment defaults"
Sënsiblë Wëalth,sensiblewealth.in,New Delhi,Wealth Management / Financial Advisory,N/A,N/A,N/A,N/A,N/A,2,"Wealth/financial advisory services, no manufacturing component",8,"Listed as headquartered in New Delhi, India per LinkedIn company page",N/A,Unable to verify any differentiating details beyond a bare LinkedIn listing,N/A,No named decision maker found,6,Wealth management/financial advisory is a growing sector in India given rising HNI/retail investor base,N/A,"No growth, funding, or news signals found",N/A,N/A,No,"Only a bare LinkedIn listing could be verified; no website content, news, or named leadership found to support outreach personalization or scoring confidence.",N/A,LinkedIn company page (in.linkedin.com/company/sensiblewealth); RocketReach email-format listing
Coimbatore Bharathi Biotech Private Limited,cbblimited.com,Mahalingapuram,Biotechnology / Life Sciences R&D,"Agricultural biotechnology, biofertilizers, pharmaceuticals, marine biotechnology, environmental/ecological remediation technologies",N/A,Dr. Rahman,Technical/Scientific Lead (team page identifies him as a senior scientific figure),Doctorate in Environmental Microbiology (Bharathiar University); MPhil Environmental Science (Anna University); Advanced Biomanufacturing of Biopharmaceuticals course at University of Cambridge (UK); former Associate Professor at University of Portsmouth and Teesside University; founded TeeGene Biotech and Tara Biologics; visiting professor at SOA University India,9,"Genuine biotechnology R&D and manufacturing company spanning pharmaceuticals, agri-biotech, and marine biotech applications",10,"Headquartered in Coimbatore/Mahalingapuram, Tamil Nadu, India",8,"Strong scientific differentiation: R&D spans plastic-degrading enzymes, agricultural waste-derived soap, sustainable water treatment, with an internationally credentialed scientific lead and global research collaborations (UK, US, China, UAE, New Zealand)",6,Technical/scientific leadership clearly identifiable (Dr. Rahman) though exact CEO/founder title not confirmed,8,"Biotech, sustainable agriculture, and environmental remediation are strong global and Indian growth tailwinds",N/A,"No specific recent funding, hiring, or expansion news found",N/A,N/A,Yes,"Genuine R&D-driven biotech manufacturer with strong scientific credentials and differentiation across multiple high-growth verticals (agri-biotech, pharma, environmental remediation); strong fit for manufacturer/innovation-focused outreach.",Your team's work on plastic-degrading enzymes and sustainable agri-waste-to-soap conversion stood out — would love to explore how that R&D pipeline could scale with the right operational tooling.,"Official website (cbblimited.com, team page); LinkedIn company page"
Moneymax Fingrow Pvt.Ltd.,moneymaxfingrow.com,Mahalingapuram,Financial Services (Loan & Insurance Consulting),"Financial consulting covering unsecured business loans, loan against property, debt syndication, home loans, and various insurance products",N/A,Dhejo and Mony,Co-Founders,"19 years of combined experience across Banking and NBFC sectors (Sales, Credit, Operations, Field investigation) prior to founding Moneymax in 2017",2,"Pure financial consulting/brokerage, no manufacturing component",10,"Headquartered in Mahalingapuram, Chennai, Tamil Nadu, India",4,"68+ employees, 100+ channel partners, 300+ clients across various sectors; differentiated mainly by relationship-driven service model rather than unique IP",4,"Co-founders identifiable but backgrounds are in banking/NBFC operations, not technology",6,Loan consulting/financial intermediation in South India continues to see steady demand,5,"51-200 employee LinkedIn listing with active recent posts (property loans, debt syndication offers) suggesting ongoing operations, though no specific recent funding or expansion news found",31,Medium,Maybe,"Stable, established financial consulting business (since 2004/2017) with named founders and a real employee base, but pure-services model with limited technology/manufacturing relevance.",Noticed Moneymax has built a strong channel-partner network of 100+ partners across South India for loan syndication — curious how your team manages partner-level reporting at that scale.,"Official website (moneymaxfingrow.com, About Us page); LinkedIn company page; ZoomInfo"
Kashmir Box,kashmirbox.com,Srinagar,E-commerce / Handicrafts & Artisanal Products Marketplace,"Online marketplace for Kashmiri handicrafts, handlooms, Pashmina shawls, carpets, dry fruits, spices, and gourmet foods (brand Koshur)","₹5.62 Cr (FY2024, per Tracxn)",Muheet Mehraj,Co-Founder & CEO,Co-founded Kashmir Box in 2011 with Kashif Ahmad Khan to create a global marketplace for Kashmiri artisans; has grown the company through multiple angel funding rounds since 2017,6,"Product/marketplace company connecting artisans/manufacturers of handicrafts to a global market, rather than a direct manufacturer itself, though it has its own retail store/production-adjacent operations",10,"Headquartered in Srinagar, Jammu & Kashmir, India",8,"Strong differentiation: works with 5,000-10,000+ artisans, social-impact royalty/profit-sharing model, established Koshur gourmet food brand, and serves 40+ countries internationally",8,"CEO and Co-Founder Muheet Mehraj clearly and consistently identified across multiple sources (Tracxn, Owler, YourStory, The Dollar Business)",7,"Global handicrafts/artisanal e-commerce and social-impact retail are growing categories, particularly with rising demand for ethically-sourced products",8,Raised a Seed round in October 2025 (total $236K across 4 rounds since 2017); historically reported 400% CAGR in early growth years; has 11 investors including 8 angels,47,High,Yes,"Well-documented, actively funded company (latest round Oct 2025) with a clearly identified, long-tenured CEO, strong social-impact differentiation, and demonstrated multi-year growth trajectory.",Congrats on closing your Seed round in October 2025 — would love to learn how Kashmir Box plans to use the new capital to scale your artisan network further.,Tracxn; Owler; YourStory (2015 founder interview); The Dollar Business (2016 interview); Kashmir Box official website (About Us); IndiaMART
ASDR Infotech Pvt. Ltd,asdrinfotech.com,Achal,IT Services / SAP Consulting & Training,"SAP ERP consulting (implementation, upgrades, managed services), IT training, and digital marketing/web & app development services",N/A,N/A,N/A,N/A,4,IT services and training company; not a manufacturer though it serves manufacturing/automotive/EC&O client industries,10,"Headquartered in Pune, Maharashtra, India (LinkedIn/Facebook listing; CSV city 'Achal' likely a sub-locality)",4,Partnership with Sydler Technologies for a SAP Center of Excellence; otherwise a fairly standard SAP consulting/training offering,N/A,No named founder/CEO could be verified,6,SAP/ERP consulting and upskilling demand continues to grow with India's enterprise digital transformation push,4,"LinkedIn shows active hiring posts (Education Sales Executive, Full Stack Developer roles) suggesting steady operations, but no funding or major expansion news found",N/A,N/A,Maybe,"Legitimate, active small IT services/training firm with steady hiring activity, but no identifiable senior decision-maker and limited differentiation beyond standard SAP consulting.",Saw ASDR Infotech is running an active SAP-focused training and internship program — would be glad to share how we help IT training providers scale program delivery.,"Official website (asdrinfotech.com, asdrinfotech.in); LinkedIn company page; Facebook page"
Naaima Embedded Technology,naaima.com,Hyderabad,Embedded Systems / Telecom & IT Hardware-Software,"Embedded systems engineering for telecom (VoIP, signalling protocols), set-top boxes, defense, and automation/testing solutions",N/A,N/A,N/A,N/A,9,"Genuine embedded hardware/software engineering company spanning telecom, defense, and automation hardware — strong manufacturer/hardware classification",10,"Headquartered in Tolichowki, Hyderabad, Telangana, India (CIN U32109TG2011PTC074918)",6,"Notable historical work developing a 'Smart Set-top box' and VoIP/signalling protocol solutions across Telecom, Scientific, and Defence domains, though company appears no longer active",N/A,"Contact email (arif.adoni@naaima.com) suggests a person named Arif Adoni associated with the company, but no confirmed title or current role verified",7,"Embedded systems, IoT, and telecom hardware remain growth areas, though this specific company shows no current activity",N/A,"Multiple independent corporate registries (Tofler, AllIndiaITR) list the company status as 'Struck Off' by the Registrar of Companies, indicating the company is no longer legally active",N/A,N/A,No,"Despite a strong historical technical profile in embedded/telecom hardware, official MCA records confirm the company has been struck off (deregistered) and is no longer active — not a viable sales target.",N/A,ZoomInfo; Tofler (company status); AllIndiaITR (company status); ClearTax company registry lookup
The Founder Story,thefounderstory.com,Sector,Media / Startup Content Platform,N/A,N/A,N/A,N/A,N/A,2,"If operational, would be a media/content platform, not a manufacturer",N/A,Unable to verify,N/A,Unable to verify,N/A,Unable to verify,N/A,Unable to verify,N/A,Unable to verify,N/A,N/A,No,"Could not independently verify thefounderstory.com as a distinct, currently operating company; no LinkedIn, Crunchbase, Tracxn, or news profile found matching this exact name/domain (several similarly-named but unrelated 'Founder Story'/'Startup Story' media platforms exist).",N/A,General web search only; no verifiable company profile found
Skillslearn Academy,skillslearn.in,Bangalore,Education / Skills Training (CLOSED),"Personality development, language/communication skills, and rural/urban skill-development training programs",N/A,N/A,N/A,N/A,2,"Education/training services company, no manufacturing component",10,"Headquartered in Bangalore, Karnataka, India",3,"Focus on rural/urban skill-development and employability training, but no unique IP or certification found",N/A,No named founder/CEO verified,5,"Vocational/skills training is a steady growth area in India, though this specific provider appears defunct",0,Justdial explicitly lists the business as 'Skillslearn Academy (Closed Down)',N/A,N/A,No,Independent local business directory (Justdial) confirms this location/business has closed down; not a viable outreach target.,N/A,Justdial (listing marked 'Closed Down'); LinkedIn company page; Internshala; Facebook page
TivonaGlobal Technologies,tivonaglobal.com,Alwarpet,IT Services / Cloud & DevOps Consulting,"Cloud computing, DevOps automation, infrastructure modernization, and CI/CD consulting services on AWS, Google Cloud, and Microsoft Azure","$6 million (2026, per RocketReach)",Dharma Prakash,Co-Founder & Chief Executive Officer,"Co-founded TivonaGlobal in mid-2017 alongside Co-Founder & CTO Murthy Manthena, building a cloud/DevOps consultancy partnered with AWS and Google Cloud",4,"Cloud/DevOps IT services and consulting company, not a hardware/physical manufacturer, though product-oriented in software infrastructure delivery",10,"Headquartered in Alwarpet, Chennai, Tamil Nadu, India",6,Google Cloud Partner and Hashicorp System Integrator partner status; positions itself as a specialist cloud/DevOps transformation consultancy rather than a generalist IT shop,9,Both Co-Founder & CEO (Dharma Prakash) and Co-Founder & CTO (Murthy Manthena) are clearly identified — strong tech leadership visibility,8,"Cloud migration, DevOps, and infrastructure modernization remain high-growth areas across Indian and global enterprise IT",5,60 employees and $6M revenue reported (RocketReach); active hiring (Technical Lead role posted 2025); no major funding events found,42,High,Yes,"Clearly identified technical co-founders (CEO and CTO), genuine cloud/DevOps specialization with recognized partner certifications (AWS, Google Cloud, Hashicorp), and demonstrated $6M revenue scale make this a strong outreach candidate, especially given clear tech decision-maker access.",Noticed TivonaGlobal is a certified Google Cloud and Hashicorp partner driving infrastructure-as-code adoption for Indian enterprises — would love to share how we support DevOps teams scaling CI/CD pipelines.,LinkedIn company page; ZoomInfo; RocketReach; SignalHire (Murthy Raju Manthena profile); Built In Chennai
Zingle Eats,sultantakeaway.com,Puzhuthivakkam,Food & Beverage / Quick Service Restaurant (QSR),"Halal biryani and Indian quick-service restaurant food (brand: Sultan Biryani / Zingle Eats), operating in Chennai",N/A,N/A,N/A,N/A,3,Restaurant/QSR food preparation business; some light food production but not an industrial manufacturer,10,"Headquartered in Madipakkam/Nanganallur/Puzhuthivakkam, Chennai, Tamil Nadu, India",3,"Standard local QSR/biryani restaurant chain with multiple outlet listings; no unique IP, patents, or certifications found",N/A,No named founder/owner verified,4,"QSR/food delivery sector in India continues steady growth, though this is a small local operator, not a differentiated tech-enabled brand",N/A,"No funding, expansion, or notable growth news found beyond standard customer reviews",N/A,N/A,No,"Small local QSR/restaurant business with no technology angle, no identifiable decision maker, and no manufacturing or differentiation signal — poor fit for a B2B technology or manufacturing-focused sales motion.",N/A,Zomato; Facebook page; Justdial; Yappe.in; hotel/restaurant directory listings
Selfieism technologies Pvt. Ltd.,selfieismtechsolutions.com,Rampur,IT Services / Web Design Training (STRUCK OFF),"Web/app design training (HTML, CSS, PHP, WordPress, Unity3D) and website development services",N/A,N/A,N/A,N/A,3,"Small web design/training services shop, no manufacturing component",10,"Registered in Jabalpur, Madhya Pradesh, India (matches 'Rampur' sub-locality in source data)",2,Standard local web design training offering with no unique differentiation found,N/A,"Directors Prabhat Kumar Dubey and Om Prakash Tiwari listed in MCA records, but no current operating leadership confirmed",4,"Web design/IT training demand continues in tier-2 Indian cities, though irrelevant given company status",0,"Multiple independent corporate registries (Falcon Ebiz, AllIndiaITR, Tofler) confirm company status as 'Strike Off' by the Registrar of Companies",N/A,N/A,No,Official MCA registry records confirm the company has been struck off and is no longer an active legal entity — not viable for outreach.,N/A,Falcon Ebiz (company registry); AllIndiaITR; Tofler; ClearTax registry lookup; Justdial
Sygnovate IT Solutions pvt ltd,sygnovate.com,Hyderabad,Electronic Security Systems / IT Hardware Distribution,"Electronic security products (CCTV surveillance, fire alarm, access control, video door phones, gate automation, home automation) plus IT/accounting software services","$400,000 (2025, per RocketReach)",Praveen Patel,Director / Managing Director,MBA in Marketing (Vinayaka Mission's Research Foundation University); prior experience at Speck Systems Ltd before leading Sygnovate,7,"Distributor and systems-integrator of electronic security hardware (CCTV, fire alarm, access control) — closer to a product/hardware distribution business than pure services",10,"Headquartered in Jeedimetla, Hyderabad, Telangana, India",5,"One-stop-shop positioning across multiple security hardware categories (fire, CCTV, access control, gate automation, home automation), but largely a reseller/integrator of established manufacturer products rather than own-IP products",6,"Director/MD Praveen Patel identifiable as primary decision maker across multiple sources (RocketReach, ZoomInfo, Facebook)",6,Electronic security and home/building automation demand continues to grow in India alongside smart-building adoption,N/A,"No specific recent funding, hiring, or expansion news found",N/A,N/A,Maybe,"Legitimate, identifiable hardware distribution/integration business in a growing security-tech category, but moderate differentiation since most products are sourced from other manufacturers rather than developed in-house.",Noticed Sygnovate covers everything from fire alarms to home automation under one roof — curious how you manage multi-vendor hardware integration at scale across your installs.,Company website (sygnovate.com); RocketReach; ZoomInfo; Facebook page; Dun & Bradstreet; IndiaMART
Vitriv Technologies limited,vitriv.com,Ramakrishnagar,IT Services,N/A,N/A,N/A,N/A,N/A,4,"Listed as an IT services company per LinkedIn (2-10 employees), no manufacturing details verifiable",10,"Headquartered in Mysuru (Ramakrishnagar), Karnataka, India per LinkedIn",N/A,Unable to verify specific products/services beyond basic LinkedIn industry listing,N/A,No named founder/decision maker verified despite source data flag,5,General IT services sector tailwind in tier-2 Indian cities,N/A,"No funding, hiring, or growth news found",N/A,N/A,No,"Only a bare-bones LinkedIn listing (company size, founding year, location) could be verified; no website content, leadership names, or business description found to support confident scoring or personalization.",N/A,LinkedIn company page (de.linkedin.com/company/vitriv-technologies); Indeed salary listing
Intellect Training & Consulting Solutions,intellecttech.in,Bangalore,Education / Corporate Training,N/A,N/A,N/A,N/A,N/A,2,"If operational, likely a training/consulting services business based on name, not a manufacturer",N/A,"Unable to independently verify; multiple unrelated 'Intellect'-named entities found in Bangalore (Intellect Design Arena, Intellect Education, Intellect Academy, Intellect Consultancy) but none confirmed to match 'intellecttech.in' specifically",N/A,Unable to verify,N/A,Unable to verify,N/A,Unable to verify,N/A,Unable to verify,N/A,N/A,No,"The company name is too generic to reliably distinguish from several unrelated same-named entities in Bangalore; no source could confirm the specific company tied to domain 'intellecttech.in', consistent with the source data's 'Website unreachable or error' note.",N/A,General web search only; multiple unrelated same-named entities found but none verified as a match
Malghan Business Solutions Pvt Ltd,malghan.com,Bangalore,IT Services / Software Publishing & Consultancy,"Custom software development, IT consultancy, web design, and software publishing/supply services",N/A,Deepak Shivashankar Malghan,Director,Director of Malghan Business Solutions since its 2014 incorporation; company has been operating in Bangalore's software/IT consultancy sector for over a decade,4,"Software development and IT consultancy business, not a hardware/physical manufacturer",10,"Headquartered in Basaveshwara Nagar / Malleswaram, Bangalore, Karnataka, India",3,"Standard custom software development/consultancy offering with no unique IP, patents, or certifications found",5,Director Deepak Shivashankar Malghan is identifiable via official MCA registry records (ZaubaCorp),6,General software/IT consultancy demand remains steady in Bangalore's tech ecosystem,N/A,"No specific recent funding, hiring, or expansion news found; ZoomInfo notes 'very low activity levels' compared to sector peers",N/A,N/A,Maybe,"Established, identifiable, decade-plus-old IT consultancy with a confirmed director, but limited differentiation and low recent growth signal.",N/A,"ZaubaCorp (company registry, director details); ZoomInfo; Justdial; AllIndiaITR; Apollo.io; StockKnocks"
ProSales-india,prosales.co.in,Bangalore,N/A,N/A,N/A,N/A,N/A,N/A,N/A,Unable to verify,N/A,Unable to verify,N/A,Unable to verify,N/A,Unable to verify,N/A,Unable to verify,N/A,Unable to verify,N/A,N/A,No,"The domain prosales.co.in (Bangalore) could not be independently verified through any source; the only similarly-named entities found (Prosales Financial Services Pvt Ltd, a Mumbai-based NBFC subsidiary of Andromeda Loans; and ProSales.tech, a Malaysian/Singaporean proptech SaaS) appear to be unrelated companies. This confirms the source data's 'Website unreachable or error' finding.",N/A,General web search only; unrelated similarly-named entities found but none verified as a match
E-Team Informatica India Pvt. Ltd,gruppozenit.com,Thiruvananthapuram,IT Services / Software Development (Subsidiary of Italian Group),"Website/web application development, ERP solutions (Microsoft Navision), BPO services, and control & automation software development",N/A,Anoop Nair,"General Manager, E-Team Informatica",Senior operations leader for the Indian subsidiary of Italy-headquartered Gruppo Zenit; company recently underwent a strategic acquisition/integration into GruppoZenit India,5,"Software/IT services subsidiary of an Italian hardware-and-software group (Gruppo Zenit), with ERP and infrastructure-related services",10,"Headquartered at Technopark, Thiruvananthapuram, Kerala, India since 2005, as a subsidiary of Italy's Gruppo Zenit",6,"25-year track record (founded 2001) as the dedicated Indian delivery center for a multinational European group, spanning cloud, SAP Basis, disaster recovery, and digital security services",6,"General Manager Anoop Nair and other named leaders (Lorenzo Bozzola - Head Software Development, Luca Bianchi - Head of IT Services) identified via LinkedIn",7,"Cloud infrastructure, ERP, and digital security services continue to see strong enterprise demand, particularly for Indo-European delivery models",8,"In July 2025, GruppoZenit India Private Limited formally acquired/integrated E-Team Informatica's business operations, clients, and 25 years of workforce/expertise — a clear, recent, significant growth/M&A event",42,High,Yes,"Long-established (25-year) IT services operation with a clear, very recent (July 2025) acquisition/integration into a larger multinational group structure, named leadership, and growing service scope (cloud, SAP Basis, digital security) — a strong and timely outreach opportunity.",Congrats on GruppoZenit India's July 2025 integration of E-Team Informatica's 25 years of Technopark expertise — would love to explore how the combined team is scaling cloud and SAP Basis delivery.,"Technopark.in company directory; LinkedIn (E-Team Informatica, Gruppo Zenit pages); Apollo.io; Clodura.AI; SignalHire"
FMCG Ontime Jobs,ontimesolutions.in,Bangalore,HR / Staffing & Recruitment Services,"Manpower recruitment and HR consultancy services, with a specialization in FMCG sales-role placements (ASM, TSO, Sales Officer roles)",N/A,N/A,N/A,N/A,2,"Pure HR/staffing services business, no manufacturing component",10,"Headquartered in Bangalore, Karnataka, India",4,"16+ years of operating history (founded 2007/2008) with specialization across FMCG, F&B, QSR, real estate, and e-commerce/IT product recruitment verticals (also operating as 'OnTime Global')",N/A,No named founder/CEO verified,5,"Recruitment/staffing demand remains steady, particularly in FMCG and retail sectors",4,"Active job postings found for FMCG sales roles (ASM, TSO) indicating ongoing client demand; 4.2/5 Glassdoor rating with 78% recommend rate suggests stable operations",N/A,N/A,Maybe,"Established, multi-vertical staffing firm with steady operations and positive employee reviews, but a pure-services HR model with no identifiable senior decision-maker limits fit.",N/A,"LinkedIn company page (On Time Solutions); Glassdoor; Joblum job listings; Company website (ontimesolutions.in, ontimeglobal.in)"
MICHI'S,jrjfoods.com,Manual Review,Manufacturing / FMCG Food & Confectionery,"Candies, toffees, and toffee bars (brand: MICHI'S) including Badam Toffee Bar and flavored candies; also operates a contract manufacturing unit for Parle Products (PARLE-G brand)","₹18.6 Cr (FY ending Mar 2025, per Tracxn)",Jagdish Thakkar,Co-Founder & Managing Director (also Joint Managing Director per company website),"Born 1949, grew the company from its founding in 1978 (modern brand MICHI'S launched 2005); 45+ years of experience in confectionery manufacturing, marketing, and distribution; active life member of AMA (Ahmedabad Management Association)",10,"Genuine FMCG confectionery manufacturer operating two production units in Gujarat, including a contract manufacturing unit for Parle Products' PARLE-G brand",10,"Headquartered in GIDC Chhatral, Gandhinagar district, Gujarat, India",7,"Established distribution network spanning Gujarat, Rajasthan, Madhya Pradesh, and Chhattisgarh; exports to SAARC countries and the African region; Best Quality Award from PPPL; 51,000 sq ft constructed manufacturing facility",4,"Founder/MD Jagdish Thakkar identified, but background is in sales/marketing/manufacturing leadership rather than technology",7,"FMCG confectionery is a stable, growing category in India with rising rural and export demand",6,₹18.6 Cr annual revenue with 68 employees (slightly declining 1% YoY per Tracxn); long-standing Parle contract manufacturing relationship provides revenue stability,44,High,Yes,"Genuine, well-established FMCG manufacturer (since 1978/2005) with a real production facility, a notable contract-manufacturing relationship with Parle Products, multi-state distribution, and export reach — strong fit for a manufacturer-focused outreach motion.",Impressive that JRJ Foods/MICHI'S runs a dedicated contract-manufacturing line for Parle Products alongside your own brand — would love to learn how you balance capacity between the two.,"Official website (jrjfoods.com, multiple location-specific pages); Tracxn; LinkedIn company page; IndiaMART"
iPaymnt Tech,ipayments.org.in,New Town,Fintech / Banking-as-a-Service (BaaS) Platform,"B2B open-API fintech platform for banking integration: BBPS bill payments, UPI/Aadhaar Pay, domestic money transfers, mobile recharges, savings/demat account onboarding, and rural neo-banking services",N/A,N/A,N/A,N/A,4,"Software/API platform business in fintech infrastructure, not a hardware manufacturer",10,"Headquartered in New Town, Kolkata, West Bengal, India, with additional offices in Patna and Lucknow",7,"Differentiated by managing 250,000+ rural touchpoints and offering an end-to-end white-label fintech-launch ecosystem (regulatory/licensing support, pre-integrated payment gateways, BBPS accreditation assistance) targeting tier-2/tier-3 entrepreneurs",N/A,No named CEO/founder/CTO verified despite extensive search,8,Banking-as-a-Service and rural financial inclusion fintech are strong growth areas aligned with India's digital payments push,7,"Active PR campaign in June 2025 (ANI press release, published in The Print and The Tribune) announcing a 'ready-to-launch fintech platform' for entrepreneurs — a clear recent growth/marketing signal",N/A,N/A,Yes,"Strong recent media/PR activity (June 2025 national press release), clear fintech infrastructure differentiation (250,000+ rural touchpoints, licensing support), and alignment with high-growth BaaS/financial-inclusion trends, despite lacking a named decision-maker.",Saw iPaymnt Tech's June 2025 launch of a ready-to-launch fintech platform for entrepreneurs — would love to explore how you're scaling licensing/compliance support as adoption grows.,"Company website (ipayments.org.in, ipayments.in); ANI press release via The Print (June 2025); The Tribune; Crunchbase; Facebook page; Google Play Store listing"
IRP INNOVATIVE SOLUTION OPC PVT LTD,irpinnovative.com,Bangalore,IT Services / Software Development,"Web and mobile application development, ERP solutions, digital marketing services, staff augmentation, and retail/logistics digital solutions",N/A,N/A,N/A,N/A,3,"Small software development/digital services shop, no manufacturing component",10,"Headquartered in Electronic City/Vidyaranyapura, Bangalore, Karnataka, India; active since November 2020",4,"Markets specialized capability across retail e-commerce, logistics/supply chain (AI-driven inventory, route optimization), and ERP development, though as a small 7-employee shop",N/A,No named founder/CEO verified,6,Web/mobile development and SaaS for retail/logistics digitization continue to see demand in India's SME segment,N/A,No funding or major growth news found; remains a small (7-employee) operation,N/A,N/A,Maybe,"Legitimate, active small software development company with positive reviews (4.7/5 on Justdial) and several stated service specializations, but very small scale and no identifiable leadership.",N/A,Company website (irpinnovative.com); Facebook page; Justdial; AllIndiaITR; RocketReach
EntLogics Technologies Pvt. Ltd.,entlogics.com,Bangalore,EdTech SaaS / Education Management Software,"Cloud-native school/education management software suite ('ace') covering admissions, curriculum, billing, document management, and parent/teacher portals for K-12 and coaching centers","$6.2 million (2025, per RocketReach)",N/A,N/A,N/A,5,"Cloud-native SaaS product company (education management software) rather than a hardware manufacturer, though it is genuinely a product-engineering business with its own built platform",10,"Headquartered in Bangalore, Karnataka, India (founded 2011/2013)",6,"Flagship product 'ace' is a comprehensive end-to-end school management suite with claimed partnerships across ~100 schools in India, Malaysia, Hong Kong, and Singapore as of 2014",6,"Rajeev Nair identified as Senior Vice President, Global Operations; founding/leadership team described as having 80+ combined years of senior enterprise computing experience, though no current CEO confirmed",6,"EdTech/school management SaaS remains a growth category in India and Southeast Asia, though the space is highly competitive (5,200+ active competitors per Tracxn)",3,"Sources conflict: Tracxn lists the company as 'not active anymore,' while ZaubaCorp and AllIndiaITR (MCA filings) confirm 'Active' status with a filing as recent as July 2025 — current operating status is genuinely uncertain",36,High,Maybe,"Genuine product/SaaS company with $6.2M revenue and identifiable senior operations leadership, but conflicting signals on current operating status (Tracxn flags inactive vs. MCA filings showing active) warrant caution before outreach.","Curious whether EntLogics' 'ace' school management suite is still actively expanding given your earlier international footprint across Malaysia, Hong Kong, and Singapore.","ZoomInfo; RocketReach; Tracxn (flags inactive); ZaubaCorp (registry, Active status); AllIndiaITR (Active status, 2025 filing); Justdial"
Infigo Software,infigosoftware.in,R K Puram,IT Services / Web Design & Digital Marketing,"Website design and development, e-commerce solutions, digital marketing, SEO, and offshore IT outsourcing services",N/A,N/A,N/A,N/A,3,"Small web design/IT outsourcing services shop, no manufacturing component",10,"Headquartered in Kota, Rajasthan, India (note: distinct from the 'R K Puram' Delhi locality — this R K Puram is a Kota neighborhood)",2,Standard web design/digital marketing offering with no unique IP or certifications found,N/A,No named founder/CEO verified,5,Small-business web design/digital marketing demand remains steady in tier-2 Indian cities,N/A,No funding or growth news found,N/A,N/A,No,"Small, generic web design/IT outsourcing shop with no identifiable leadership, differentiation, or growth signal.",N/A,Company website (infigosoftware.in); LinkedIn company page; Clutch.co; SignalHire; Sulekha; ZoomInfo
MITESH LODHA,miteshlodha.com,Lower Parel,Fashion / Apparel Retail (Designer Menswear Label),"Contemporary Indian menswear (e.g., kurta, sadri sets) under the designer label 'Mitesh Lodha,' including past collections MUJROSA and SAMYIK",N/A,Mitesh Lodha,Owner / Founder & Designer,"Fashion Design graduate from B.D. Somani Institute of Design (2004); came from a family textile business; founded design label Studio Mujrosa, later rebranded; won Lakme Fashion Week Best Fashion Film award (2015)",5,"Apparel designer/manufacturer label producing menswear collections, sitting between a small-batch manufacturer and a creative/retail brand",10,"Headquartered in Lower Parel, Mumbai, Maharashtra, India",6,"Recognized fashion-industry differentiation: Lakme Fashion Week award winner, named contemporary Indian menswear designer with retail presence (High Street Phoenix Mall)",3,"Founder/Owner identifiable but is a fashion designer, not a technology decision-maker",5,Indian designer/contemporary menswear retail is a stable niche category,N/A,"No recent funding, hiring, or expansion news found",N/A,N/A,No,"A small, single-designer fashion label/retail boutique with no technology angle and no scaled manufacturing operation — poor fit for B2B technology or manufacturing-focused outreach despite legitimate brand recognition.",N/A,LinkedIn (company and Mitesh Lodha personal profile); Facebook page; Magicpin; Slintel/RocketReach
Violica,violica.com,Srinagar Colony,N/A,N/A,N/A,N/A,N/A,N/A,N/A,Unable to verify,N/A,Unable to verify,N/A,Unable to verify,N/A,Unable to verify,N/A,Unable to verify,N/A,Unable to verify,N/A,N/A,No,"No reliable source could confirm the existence or details of a company called 'Violica' at the domain violica.com in Srinagar Colony, Hyderabad; only unrelated businesses with similar names (Viola Skin Clinic, Viola Facility Services, Voila restaurant) were found in the area.",N/A,General web search only; no verifiable company profile found
Heliosys Technologies,heliosystechnologies.com,Bangalore,IT Services / Web Design & Development,"Website design and development (WordPress, HTML/CSS, Shopify/e-commerce), school/college ERP systems, domain/hosting services, and digital marketing (SEO/SMM)",N/A,N/A,Owner (no specific name verified beyond a generic LinkedIn 'Owner' profile),N/A,4,"Web design/IT services and software (school ERP) company, not a hardware manufacturer",10,"Headquartered in Indiranagar, Bangalore, Karnataka, India",5,"23+ years in business (founded 2002) with 800+ completed projects; differentiated by WCAG/ADA-compliant accessible web design and serving financial services, education, non-profit, and manufacturing sector clients",2,"Only a generic, unnamed 'Owner' LinkedIn profile found; no confirmed individual name or title",6,"Web design, e-commerce, and accessibility-compliant digital services remain steady demand areas",N/A,No specific recent funding or expansion news found,N/A,N/A,Maybe,"Long-tenured (23-year), credible small IT services business with a real project portfolio and accessibility-compliance differentiation, but no identifiable named decision-maker reduces personalization potential.",Heliosys Technologies' 23-year track record building WCAG/ADA-compliant websites for schools and nonprofits stood out — curious how accessibility compliance has shaped your development process.,"Company website (heliosystechnologies.com, heliosystechnologies.in); LinkedIn company page; CB Insights; IndiaMART; Facebook page"
Vaishnavi Biotech International Limited,vaishnavibiotech.com,Sihor,Biotechnology / Industrial Fermentation Manufacturing,"Bulk drugs, food preservatives & additives, organic agri-inputs, biofertilizers, and animal health care (cattle/poultry feed supplements) produced via industrial fermentation","$6 million (2025, per RocketReach)",M. Vaishnavi,Head / Founder (referred to as leading 'one of Asia's largest' women-led industrial fermentation establishments),Leads a women- and young-entrepreneur-led team; company is technologically supported by the Prathista R&D Centre of Prathista Industries Limited,10,"Genuine industrial fermentation/biotechnology manufacturer producing bulk drugs, food additives, biofertilizers, and animal feed supplements at scale",10,"Headquartered in Srikakulam, Andhra Pradesh, India (CSV city 'Sihor' may refer to a specific facility/branch location)",8,Described as one of Asia's largest industrial fermentation establishments led by women; is a 100% Export Oriented Unit; technologically backed by an established R&D center (Prathista Industries) and complies with global certification standards,5,"Founder/Head M. Vaishnavi identifiable, though background described in entrepreneurial/leadership terms rather than specifically technical/engineering credentials",8,"Industrial biotech, organic/sustainable agri-inputs, and food ingredient manufacturing are strong growth categories, especially for export-oriented Indian manufacturers",6,"$6M revenue with export-oriented operations and active hiring per ZoomInfo, though no specific recent funding round identified",47,High,Yes,"Genuine, scaled industrial biotech manufacturer with strong export orientation, notable women-led leadership, R&D backing, and global certification compliance — a strong fit for manufacturer-focused outreach.","Your team's work as one of Asia's largest women-led industrial fermentation manufacturers, backed by Prathista's R&D center, is a compelling story — would love to learn how you're scaling export compliance across your bio-input lines.",RocketReach; Crunchbase; ZoomInfo
Stratrun,stratrun.in,Delhi,Professional Services / Freelance Project Marketplace,On-demand business services matching (skill-set matching for projects) rather than a defined product,N/A,N/A,N/A,N/A,2,"Project/freelance services-matching platform, no manufacturing component",N/A,"Domain is stratrun.in suggesting an Indian operation, but no specific city/registry record found beyond source data's 'Delhi'",N/A,Unable to verify specific differentiation beyond the company's own generic 'how it works' page,N/A,No named founder/CEO verified,N/A,Unable to verify,N/A,Unable to verify,N/A,N/A,No,"Only the company's own website could be found describing a generic freelance-matching service; no independent verification (LinkedIn, Crunchbase, Tracxn, news) exists to confirm scale, leadership, or legitimacy.",N/A,Company website (stratrun.in) only; no independent verification found
Dhanrashi Fintech Pvt Ltd,dhanrashi.in,Manual Review,Fintech / Microfinance (SME & Micro Loans),"Diversified SME and micro loan services positioned as a hybrid Fin-Tech and Microfinance Institution (MFI), offering paperless lending solutions",N/A,Amit Kumar,"Co-Founder, CEO & Director","Co-founded Dhanrashi in 2019/2021 alongside Puneet Bansal (Co-Founder & Director, since departed per company filings) and Prabhat Agrawal (Director)",3,"Fintech/MFI lending services business, no manufacturing component",10,"Headquartered in Gurugram, Haryana, India",4,"Positions itself as a 'hybrid Fin-Tech and MFI' offering technology-driven, paperless micro and SME lending, though faces 679 active competitors per Tracxn including major players like L&T Finance and Manappuram Finance",6,Co-Founder & CEO Amit Kumar clearly identified via Tracxn and MCA filings (also a registered Director),6,SME/micro-lending and financial inclusion remain growth areas in India's fintech sector,2,"Tracxn reports a dramatic 95% decline in employee count between May 2024 and May 2025 (from roughly 100 down to 5 employees), a significant negative growth signal despite the company remaining formally 'Active' per MCA filings",31,Medium,No,"Despite a clearly identified CEO and active legal status, the company shows a severe (95%) recent employee headcount decline, suggesting significant business contraction — a strong negative signal against outreach prioritization.",N/A,Tracxn (employee count trend); LinkedIn company page; ZaubaCorp; Tofler; IndiaFilings; TheCompanyCheck (MSME registration)
Finance Bridge,financebridge.com,India,"Financial Services (Commercial Finance, Consumer Loans & Wealth Services)","Commercial finance, consumer loan products, and wealth management/distribution services",N/A,Vaibhav Sharma,Finance Executive (specific senior leadership/founder not separately confirmed),N/A,2,"Pure financial services firm, no manufacturing component",9,"Registered with the Government of Tamil Nadu (MRCT) and recognized by the Ministry of Micro, Small and Medium Enterprises (MSME) and Central Board for Direct Taxes (CBDT), indicating an India-based, Tamil Nadu-anchored operation",3,"Standard commercial finance/consumer loan/wealth distribution offering with formal government registrations (MRCT, MSME, CBDT) but no unique product IP found",2,Only a Finance Executive (Vaibhav Sharma) identified — no confirmed senior/tech decision-maker,6,Commercial finance and consumer lending continue to see steady demand in India,N/A,"No specific recent funding, hiring, or expansion news found",N/A,N/A,Maybe,"Formally registered financial services firm with multiple government recognitions, but no senior decision-maker identified and limited differentiation.",N/A,RocketReach
Galaxykart,galaxykart.in,R K Puram,N/A,N/A,N/A,N/A,N/A,N/A,N/A,Unable to verify,N/A,Unable to verify,N/A,Unable to verify,N/A,Unable to verify,N/A,Unable to verify,N/A,Unable to verify,N/A,N/A,No,"No reliable source could confirm the existence or details of a company at the domain galaxykart.in in R K Puram; search results returned only an unrelated VR racing game ('Galaxy Kart VR') and general Indian e-commerce sector information, confirming the source data's 'Website unreachable or error' finding.",N/A,General web search only; no verifiable company profile found
CMFA - Centre For Management and Financial Assistance,cmfakochi.com,Cochin,Financial Services / Business & Financial Advisory,"Financial management consulting, loan and subsidy application assistance, project report preparation, and job-oriented skills training for entrepreneurs and low-to-moderate income individuals",<$5 million (per ZoomInfo),James George,Director,"Over two decades of experience in management and finance; leads CMFA's mission to support entrepreneurial development, self-employment schemes, and government loan/subsidy access for underserved individuals",2,"Pure financial advisory and training services business, no manufacturing component",10,"Headquartered in Kochi, Kerala, India",4,"Differentiated by its social-impact mission serving low-to-moderate income individuals, women entrepreneurs, and small businesses with loan/subsidy navigation and job-oriented courses",3,"Director James George identifiable, but background is in finance/management rather than technology",5,MSME loan/subsidy advisory and entrepreneurship support continue to see steady demand in Kerala's small business ecosystem,3,"Small team (1-10 employees) with no specific recent funding, hiring, or expansion news found beyond routine social media activity",27,Medium,Maybe,"Legitimate, small, social-impact-oriented financial advisory firm with an identified director, but minimal scale and no technology angle.",N/A,"Company website (cmfakochi.com, Our Story page); LinkedIn company page; Facebook page; ZoomInfo; Yellow Pages"
EnglishWithShirley,englishwithshirley.in,New Delhi,Education / Language Training (Individual Practitioner),"English language training including IELTS preparation, spoken/business/banking English, and CBSE school-curriculum English tutoring",N/A,Shirley Denis,Founder & Lead Instructor,"Started EnglishWithShirley in 2000; has personally taught approximately 1,000+ students over more than two decades across IELTS, business English, and school curriculum levels",1,"Individual-led English language tutoring/training practice, no manufacturing or product component",10,"Headquartered in Lajpat Nagar, New Delhi, India, with apparent expansion content also targeting Mumbai",5,"24+ years of teaching experience differentiates the practice, with structured offerings across IELTS, business/banking English, and school-curriculum levels",1,"Founder is an English language educator, not a technology decision-maker",4,"English-language and IELTS coaching demand remains steady in India, particularly for study-abroad and career-advancement seekers",3,"Active recent content marketing (2026-dated blog posts targeting Mumbai market) suggests ongoing/expanding operations, though no funding or major scale signals",24,Medium,No,"A small, individual-led language tutoring practice with no technology, manufacturing, or scaled-business characteristics — poor fit for B2B technology/manufacturing-focused outreach despite legitimate, long-standing operations.",N/A,LinkedIn company page; Company website (englishwithshirley.com); UrbanPro listing
ADVAIT BUSINESS SOLUTIONS PRIVATE LIMITED,advaitbusiness.com,Prahladnagar,IT Services / SAP Consulting,"SAP software implementation, upgrades, migrations, and ongoing support; custom web-based software development; SAP S/4 HANA rollouts and cloud migration services",N/A,N/A,N/A,N/A,4,"SAP/IT consulting services company serving enterprise clients, not a hardware/physical manufacturer",10,"Headquartered in Prahladnagar, Ahmedabad, Gujarat, India, with additional offices in Chennai and Hyderabad",5,"Established SAP Partner status with services spanning ERP, Financials, HCM, SCM, and AI/ML-enabled SAP analytics; positions itself with active thought-leadership content on SAP AI/ML capabilities",N/A,"No named founder/CEO verified despite multiple sources; named staff found are mid-level (Business Development Executive, Regional Manager, SAP FI Consultant)",7,SAP consulting and enterprise digital transformation continue to see strong demand as Indian businesses modernize ERP systems,4,"10-50 employees (SignalHire) with active LinkedIn content marketing, but no specific funding or major expansion news found",N/A,N/A,Maybe,"Legitimate, multi-city SAP consulting partner with active marketing and a reasonable employee base, but no identifiable senior/founder-level decision-maker reduces personalization confidence.",ADVAIT's recent content on SAP's AI/ML-driven analytics capabilities suggests you're pushing clients toward predictive SAP use cases — curious how that's landing with your enterprise customers.,LinkedIn company page; Crunchbase; SAP Partner Finder; ContactOut; SignalHire; SalesZshark; Facebook pages
Lakewater Advisors,lakewateradvisors.com,Sector V Salt Lake,Financial Services / SEBI-Registered Portfolio Management Services (PMS),"Portfolio Management Services (PMS) focused on concentrated, long-term investments in high-quality publicly listed Indian equities; also offers private equity/unlisted shares advisory",N/A,Pankaj Singhania,Co-Founder & Fund Manager (also listed as Founder and Director),"Chartered Accountant (CA), Cost Accountant, and former Civil Servant; over 25 years of experience in capital and financial markets, policy-making, and corporate governance",2,"Pure financial services/asset management firm, no manufacturing component",10,"Headquartered in Salt Lake, Sector V, Kolkata, West Bengal, India, with an additional office in Bandra Kurla Complex, Mumbai",7,"SEBI-registered PMS provider (Registration No. INP000006767) with a distinctive long-term, governance-focused 'Conscious Corporates' investment philosophy; publishes regular equity research notes on companies like Adani Energy Solutions and Hindustan Aeronautics",5,"Co-Founder & Fund Manager Pankaj Singhania clearly identified, with strong financial/regulatory credentials, though not a technology-focused decision-maker",7,Portfolio Management Services and India-focused equity investment continue to see strong tailwinds from rising domestic wealth and India's growth narrative,6,Reported a 20.6% revenue CAGR since FY2022 per the company's own site; small team (4 employees per Tracxn) but consistent SEBI top-performer rankings claimed,37,High,Yes,"SEBI-regulated, credible PMS firm with a clearly identified, highly credentialed founder (25+ years experience), genuine differentiation through its governance-focused investment philosophy, and a reported 20.6% revenue CAGR — a solid outreach candidate.",Lakewater's 20.6% revenue CAGR since FY2022 alongside your SEBI top-performer PMS rankings is a strong growth story — would love to learn how your team scales equity research as AUM grows.,"Lakewater Advisors official website (lakewateradvisors.com, About page); PMS Bazaar; Tracxn; Sharescart; LinkedIn company page; Facebook page"
CipherTronIndia,ciphertron.in,Delhi,IT Services / Web Design,N/A,N/A,N/A,N/A,N/A,3,"Appears to be a small web design/IT services business based on limited 'About Venor' page content found at the domain, though this could not be fully confirmed",N/A,Domain suggests an Indian operation ('India' in name) but no registry record or city confirmed beyond source data's 'Delhi',N/A,Unable to verify specific differentiation,N/A,No named founder/CEO verified,N/A,Unable to verify,N/A,Unable to verify,N/A,N/A,No,"Only a fragmentary 'About Us' page snippet (referencing an unrelated business name 'Venor') was found at ciphertron.in; no LinkedIn, Crunchbase, Tracxn, or news profile could confirm this as a legitimate, currently operating, identifiable company.",N/A,Partial company website snippet only (ciphertron.in/about-us); no independent verification found
Early Wages,earlywages.com,Delhi,Fintech / Earned Wage Access (EWA),N/A,N/A,N/A,N/A,N/A,3,"If operational, would be an Earned Wage Access fintech platform (software/API service), not a manufacturer",N/A,"Domain (earlywages.in) suggests an Indian operation but no registry record, city, or independent verification found",N/A,"Unable to verify; numerous other named EWA players exist in India (Jify, PayWings, Emerald Finance, Refyne) but none confirmed to be this specific company",N/A,Unable to verify,7,Earned Wage Access is a genuinely fast-growing fintech category in India given rising employer/employee adoption of on-demand pay,N/A,Unable to verify,N/A,N/A,No,"Only a bare landing page was found at earlywages.in with no further verifiable content; this is consistent with the source data's 'Website unreachable or error' finding, and no independent source (LinkedIn, Crunchbase, news) could confirm the company's specific identity, leadership, or scale.",N/A,Bare website found (earlywages.in); no independent verification located
Lumynos Technologies,lumynostechnologies.com,India,IT Services / Odoo ERP Implementation,"Odoo ERP and e-commerce implementation, customization, integration, and migration services, including custom Odoo module development",N/A,N/A,N/A,N/A,4,"ERP/e-commerce software implementation services company, not a hardware manufacturer",10,"Headquartered in Gota, Sabarmati, Gujarat, India",5,"Specialized niche focus specifically on Odoo ERP (rather than generalist ERP consulting), with published Odoo Apps Store modules under the company name",N/A,No named founder/CEO verified,6,Odoo and open-source ERP adoption continue to grow among SMEs seeking cost-effective ERP alternatives,N/A,No specific funding or major growth news found,N/A,N/A,Maybe,"Legitimate, niche-focused Odoo ERP implementation partner with verifiable published work (Odoo Apps Store listings), but no identifiable leadership reduces personalization potential.",N/A,Company website (lumynostechnologies.com); ZoomInfo; Odoo Apps Store (published modules); RemoteHub
Deaara,deaara.com,Vastrapur.,Creative Services / Branding & Digital Marketing Agency,"Brand strategy, logo/packaging/stationery design, website and mobile app design/development, and social media/digital marketing services",N/A,N/A,N/A,N/A,2,"Creative/branding and digital design agency, no manufacturing component",10,"Headquartered in Vastrapur, Ahmedabad, Gujarat, India",5,"16+ years in business (founded 2009) as an award-winning brand and digital consultancy, with named client case studies (Vanilla bakery brand, Navkar Trading Co. kitchen appliance manufacturer, a real estate company)",N/A,No named founder/CEO verified,5,Branding and digital marketing services demand remains steady among Indian SMEs,N/A,No specific recent funding or expansion news found,N/A,N/A,No,"Established, credible branding/creative agency with real client case studies, but pure-services model with no technology or manufacturing angle and no identifiable senior decision-maker.",N/A,"Company website (deaara.com, About Us, capabilities pages); Facebook page; Justdial"
Iamo Bazaar,iamosolutions.in,Bhubaneswar,Retail-Tech / Cashback & Loyalty Platform (DEFUNCT),"App-based cashback platform offering multi-category cashback (fashion, beauty, home decor, electronics) on purchases at partnered local/offline stores",N/A,Manas Kumar Sahoo,Founder & CEO,Founded IAMO Solutions Pvt Ltd (project: IAMO Bazaar) in 2017; company employed a multi-level referral/commission structure for both consumers and partner stores,2,"Cashback/loyalty app platform business, no manufacturing component",10,"Headquartered in Rasulgarh, Bhubaneswar, Odisha, India",3,"Multi-level cashback referral model spanning fashion, beauty, home decor/improvement, and electronics categories, competing against established players like magicpin and NearBuy",5,Founder & CEO Manas Kumar Sahoo identifiable,4,"Offline-to-online cashback/loyalty apps face strong competition from larger, better-funded players (magicpin, NearBuy)",0,Tracxn explicitly classifies IAMO Bazaar as 'deadpooled' (defunct); the company's referral/commission income structure also resembles characteristics of multi-level marketing (MLM) schemes per independent Hindi-language explainer content,24,Medium,No,"Independent source (Tracxn) confirms the company is deadpooled/defunct, and its underlying referral-income business model shows MLM-like characteristics — not a viable or advisable outreach target.",N/A,Tracxn (deadpooled status); RocketReach (Iamo Bazaar Management); Sulekha; Justdial; Facebook pages; jankarinew.com (Hindi business-model explainer)
Quick Serve Financial Services,quickservefinancial.com,Mangalwar Peth,Financial Services / Loan Brokerage,"MSME business loans (secured and unsecured), home loans, and loan-against-property products sourced through banking/NBFC partnerships",N/A,Shadab Khan,Founder,"14+ years of financial services experience in Asset Finance prior to founding Quick Serve Financial in 2016; previously worked at Standard Chartered Bank, ABN AMRO Bank, and Deutsche Bank",2,"Pure loan brokerage/financial consulting business, no manufacturing component",10,"Headquartered in Mangalwar Peth, Pune, Maharashtra, India",4,"Differentiated mainly by founder's prior banking pedigree (Standard Chartered, ABN AMRO, Deutsche Bank) rather than unique product IP; offers multiple MSME loan schemes",4,"Founder Shadab Khan identifiable, with a strong banking background, though not a technology decision-maker",6,MSME loan demand remains a consistent growth driver in India given the formal credit gap,4,Active LinkedIn posting (2-10 employees) showing ongoing MSME loan and home loan marketing campaigns; no major funding or expansion news found,30,Medium,Maybe,"Legitimate, founder-led loan brokerage with strong banking pedigree, but small scale, pure-services model, and no technology differentiation.",N/A,"Company website (quickservefinancial.com, mission-vision page); LinkedIn company page; Instagram; Justdial; Sulekha"
Sauramahi,saurmahi.com,Pune`,N/A,N/A,N/A,N/A,N/A,N/A,N/A,Unable to verify,N/A,Unable to verify,N/A,Unable to verify,N/A,Unable to verify,N/A,Unable to verify,N/A,Unable to verify,N/A,N/A,No,"No reliable source could confirm the existence or details of a company called 'Sauramahi' / 'Saurmahi' at the domain saurmahi.com in Pune; search results returned only unrelated fish/seafood terminology content and an unrelated company ('Sauram Foods India Pvt Ltd'), confirming the source data's 'Website unreachable or error' finding.",N/A,General web search only; no verifiable company profile found
Inside View Technologies India Private Limited,insideview.com,Hyderabad,B2B SaaS / Sales & Marketing Intelligence Platform,"AI-powered Targeting Intelligence platform providing B2B company/contact data, go-to-market decision support, and sales/marketing alignment tools (parent: InsideView, now part of the Demandbase/ZoomInfo ecosystem)","$25 million (2026, per RocketReach)",Sesha Rao,"Board Member, InsideView India",N/A,5,"Genuine AI-powered B2B SaaS data platform/product company (Targeting Intelligence), though software rather than physical manufacturing",8,"India subsidiary (Inside View Technologies India Private Limited) headquartered in Hyderabad, Telangana, India, with 71 employees locally; parent company InsideView is US-headquartered",7,Established AI-driven B2B sales intelligence platform with recognized brand (InsideView) trusted by 'the world's leading B2B companies' per company messaging; differentiated by combining firmographic data with AI-driven targeting,6,"Board Member Sesha Rao identified for the India entity, though specific CTO/India country-head title not separately confirmed",8,"B2B sales intelligence, data-driven GTM, and AI-powered targeting are strong, growing categories in enterprise software",4,"$25M revenue and 71 employees reported for the India subsidiary, but no specific recent India-level funding or expansion news found (parent company has undergone industry consolidation in this space)",38,High,Yes,"Substantial, well-established AI-powered B2B SaaS platform with meaningful India operations ($25M revenue, 71 employees) and a recognized global brand — a credible, scaled technology company for outreach.",InsideView's AI-driven Targeting Intelligence platform has a strong reputation with leading B2B companies globally — would love to explore how your Hyderabad team supports platform delivery at scale.,RocketReach; LinkedIn company page; RocketReach Email Format listing
Savor Experiences,savorexperiences.com,Lower Parel,Hospitality / Events & Culinary Experiences,"Curated food events, supper clubs, and gourmet lunch experiences",N/A,N/A,N/A,N/A,2,"Events/hospitality services business, no manufacturing component",10,"Headquartered in Lower Parel, Mumbai, Maharashtra, India",4,"13+ years in business (founded 2012) with a specific niche focus on supper clubs and gourmet lunch events, differentiating from standard catering",N/A,No named founder/CEO verified,4,Curated food/events experiences are a steady but niche segment within India's hospitality sector,N/A,"No specific recent funding, hiring, or expansion news found",N/A,N/A,No,"Small (2-10 employee), niche events/hospitality business with no technology, manufacturing, or scaled-growth signal, and no identifiable decision-maker.",N/A,LinkedIn company page; Facebook page
Hibilter IT Systems Pvt Ltd,hibilter.com,Delhi,Enterprise Software / AI & Product Development,"Enterprise AI platform (HAOW) offering air-gapped/on-premise generative AI, document intelligence, knowledge assistants, computer vision, and autonomous AI agents; also full-spectrum software product development services",N/A,Suresh Tiwari,CEO,N/A,6,"Genuine enterprise AI/software product company (HAOW platform) with deployable infrastructure across on-premise, private cloud, and edge devices, positioning it closer to a product/technology manufacturer than a pure services shop",10,"Headquartered in New Delhi, India (Krishna Nagar, South West Delhi), with an Offshore Development Center also in New Delhi",8,"Strong differentiation: HAOW platform offers complete data sovereignty, true air-gapped AI with zero external dependencies, and OpenAI-compatible APIs without vendor lock-in — serving Defense & National Security, Government & Public Sector, and Healthcare & Life Sciences clients",8,CEO Suresh Tiwari clearly identified via RocketReach; company also has a separate authorized representative (Ankesh Tiwari) listed on Refrens,9,"Air-gapped/sovereign enterprise AI for defense, government, and healthcare is a high-growth, high-relevance category amid rising data sovereignty and AI security concerns",5,"9+ years in business (founded 2016) with a notable pivot toward AI/ML, deep learning, and blockchain over the past 3 years per Refrens; employee count estimates vary widely (4 per RocketReach vs. 100-200 per SignalHire)",46,High,Yes,"Genuinely differentiated, defense/government/healthcare-focused sovereign AI product company with a clearly identified CEO and a compelling air-gapped, vendor-lock-in-free AI platform — strong outreach candidate, particularly for security-conscious enterprise AI conversations.",Hibilter's air-gapped HAOW platform for Defense and Healthcare clients is a timely story given rising data sovereignty demands — would love to learn how you're scaling secure AI deployment across those sectors.,RocketReach; TheOrg; Refrens; Company website (hibilter.com); ZaubaCorp; AllIndiaITR; SignalHire
Algonetix Technologies,algonetix.com,New Delhi,Digital Marketing / SEO Agency,"SEO, PPC, social media marketing/optimization, website design and development, and local business optimization services",N/A,N/A,N/A,N/A,2,"Pure digital marketing/SEO agency, no manufacturing component",10,"Headquartered in Dwarka, New Delhi, India; founded 2021",3,"Standard full-service digital marketing offering (SEO, PPC, SMM, web design) with positive customer reviews but no unique IP found",N/A,No named founder/CEO verified,5,SEO/digital marketing demand remains steady among Indian SMEs seeking online visibility,3,"Positive Trustindex-verified Google reviews and active blog/content marketing suggest steady operations, though no funding or major growth news found",N/A,N/A,No,"Small (2-10 employee), generic digital marketing agency with no technology/manufacturing angle and no identifiable senior decision-maker.",N/A,Company website (algonetix.in); LinkedIn company page; about.me; Clutch.co; LeadStal directory
G K Vale & Co.,gkvale.com,Fraser Town,Retail / Photography Products & Services,"Professional and consumer photography services (wedding, portrait, passport/visa photos), photo printing products (canvas prints, photo books, frames), and Canon camera retail (exclusive Canon Image Square stores)",N/A,N/A,N/A,N/A,5,"Operates its own state-of-the-art production facility for photo printing/products (per company messaging) alongside retail and services, blending light manufacturing with retail/services",10,"Headquartered in Fraser Town, Bangalore, Karnataka, India",7,"115-year operating history (since 1910) with 35+ photo stores, a dozen exclusive Canon Image Square stores, and 3 multi-brand camera stores across Karnataka; strong heritage brand differentiation with an established e-commerce portal since 2016",N/A,No named CEO/founder/decision-maker verified,5,"Traditional photography retail/printing faces ongoing disruption from smartphone photography and digital sharing, though demand persists for weddings, portraits, and official document photos",4,"Active hiring (Portrait Photographer roles) and recent new store openings (Bangalore North - Bagalur Cross) indicate ongoing physical expansion, though no major funding or digital transformation news found",N/A,N/A,Maybe,"Legitimate, long-established heritage retail/photo-products business with real production facilities and ongoing physical expansion, but no identifiable senior decision-maker and a legacy retail model facing structural industry headwinds.",115 years in photography and still opening new stores (like your recent Bagalur Cross location) is a remarkable legacy — curious how G K Vale balances heritage retail with your e-commerce expansion since 2016.,LinkedIn company page; ZoomInfo; Justdial (multiple store listings); X/Twitter; YouTube channel; WedMeGood
TEBS TECH,tebstech.com,Aarey Milk Colony Goregaon E,N/A,N/A,N/A,N/A,N/A,N/A,N/A,Unable to verify,N/A,Unable to verify,N/A,Unable to verify,N/A,Unable to verify,N/A,Unable to verify,N/A,Unable to verify,N/A,N/A,No,"The domain tebstech.com at Aarey Milk Colony, Goregaon (Mumbai) could not be independently verified. Notably, an unrelated jobs-fraud-awareness directory lists 'Tabstech Technologies Pvt Ltd / Tebstech Technologies Pvt Ltd' as a suspected/fake company name pattern used in fraudulent job postings, which raises caution; a separate, unrelated logistics-optimization company also uses the similar name 'TEBS' (tebs.co.in) but does not match this domain or location. Given the inability to verify legitimacy and the fraud-pattern flag, this entity should not be pursued without further independent confirmation.",N/A,"techprozetta.blogspot.com (suspected/fake companies list, flags similar name pattern); general web search; no independent verification of legitimacy found"
Payism Global,payismglobal.com,Bangalore,Fintech / Agent-Based Financial Services Network,"Domestic money remittances, telecom recharge, bill payment (Super POS, Micro ATM), airline/bus/hotel/railway ticketing, assisted e-commerce, agritech, microfinance, and insurance distribution via an agent/retailer network","₹136 Cr (FY ending Mar 2025, per Tracxn) / $31.7 million (per ZoomInfo)",Uday Kumar (CEO) / Nandish Domlur (Founder & MD),Founder & CEO / Founder & Managing Director,"Nandish Domlur and Uday Kumar co-founded Payism in 2013/2014, building it into a B2B2C agent-network fintech platform; backed by two high-net-worth individuals from Singapore and Bangalore; reported reaching ₹5,000 Cr platform turnover at the 3-year mark per a SiliconIndia interview",4,"Agent-network fintech platform/software business facilitating financial transactions through a distributed retailer network, not a physical manufacturer",10,"Headquartered in Domlur, Bangalore, Karnataka, India (ZoomInfo separately notes a Madhapur, Telangana office)",6,"Differentiated B2B2C agent-network model serving 1,300+ distributors and 28,000+ retailers, explicitly targeting domestic migrants and the unbanked population across remittances, ticketing, agritech, and microfinance",8,"Both Founder & CEO (Uday Kumar) and Founder & Managing Director (Nandish Domlur) clearly and consistently identified across multiple sources (Tracxn, Owler, EasyLeadz, ZoomInfo)",7,Agent-based financial inclusion services for migrant and unbanked populations remain a strong tailwind in India's fintech/BaaS landscape,5,"Reported ₹136 Cr annual revenue with 106 employees (up 16% YoY as of July 2024) per Tracxn, though Tracxn separately classifies the company as 'deadpooled' (potentially conflicting with the positive revenue/headcount trend, indicating uncertain current status)",40,High,Maybe,"Strong historical scale (₹136 Cr revenue, 28,000+ retailer network) and clearly identified founders, but a conflicting 'deadpooled' classification from Tracxn alongside otherwise positive growth metrics creates real uncertainty about current operating status that should be confirmed before outreach.","Payism's agent network of 28,000+ retailers serving India's unbanked population is an impressive distribution model — would love to confirm how the platform is evolving and explore where we could add value.","Tracxn (revenue, employee trend, deadpooled status flag); LinkedIn company page; Owler; EasyLeadz; ZoomInfo; SiliconIndia (founder interview); Internshala"
